<?xml version="1.0" encoding="UTF-8"?>
<!DOCTYPE mapper
  PUBLIC "-//mybatis.org//DTD Mapper 3.0//EN"
  "https://mybatis.org/dtd/mybatis-3-mapper.dtd">	
  <!-- 쿼리가 담기는 설정 파일이다 -->
  
  <mapper namespace="Board">
	  <insert id="insertBoard" parameterType="board"> <!-- DAO에서 BoardVO vo(파라미터)에 담아져있기에 parameterType="board"생략가능함 -->
	  <![CDATA[
	  		insert into board(seq, title, writer, content) 
	  		values ((select nvl(max(seq),0)+1 from board), #{title}, #{writer}, #{content})
	  ]]>
	  </insert>	
	  <!-- '<', '>'는 비교 연산자로 인식하지 않고 여기에서는 꺽쇠로 본다. 설정을 <![CDATA[]]>로 --> <!-- // SQL문 - nvl: Null값이면 0으로 실행해라 -->
	  <!-- ${}는 변수를 바로 가져온다. #{}은 실행되어지는 시점에 변수를 가져온다. 둘이 같다고 생각해도 상관없다. -->
  	  
	  <!-- <select id="getBoardList_T" resultType="board">	resultType="board" 반환받는 타입을 명시하고 있어야 한다. 짧게 별명alias로 board로
	  <![CDATA[
	  	select * from BOARD where title like '%'||#{searchKeyword}||'%' order by seq desc
	  ]]>
	  </select>
	  
	   
	  <select id="getBoardList_C" resultType="board">
	  <![CDATA[
	  	select * from BOARD where content like '%'||#{searchKeyword}||'%' order by seq desc
	  ]]>
	  </select> -->
	  
	  <!-- Mybatis가 제공하는 동적(Dynamic) SQL 쿼리문을 추가적으로 제공해줌. Spring(X) -->
	  <!-- resultType="board" 반환받는 타입을 명시하고 있어야 한다. 짧게 별명alias로 board로 -->
	  <select id="getBoardList" resultType="board">	
		select * 
	  	from BOARD 
	  	where 1 = 1
	  	<if test="searchCondition == 'TITLE'">
	  		and title like '%'||#{searchKeyword}||'%' 
	  	</if>
	  	<if test="searchCondition == 'CONTENT'">
	  		and content like '%'||#{searchKeyword}||'%' 
	  	</if>
	  	order by seq desc
	  </select>
	  
	  
	  <!-- List 보여주기 -->
	  <select id="getBoard" resultType="board">
	  <![CDATA[
	  	select * from BOARD where seq = #{seq}
	  ]]>
	  </select>
	  
	  
	  <update id="updateBoard">
	  <![CDATA[
	  	update board set title = #{title}, content = #{content} where seq = #{seq}
	  ]]>
	  </update>
	  
	  
	  <delete id="deleteBoard">
	  <![CDATA[
	  	delete from board where seq = #{seq}
	  ]]>
	  </delete>
	  
  </mapper>
	  
    	
			
	